id;name;surname;age;accountid;adress;role
1;IB Tennessee;Handmade protocol;67;Direct;AI;Balboa US Dollar Clothing
2;Usability;Soap attitude-oriented;84;Lodge;International Virginia Texas;Singapore Dollar
3;Infrastructure Toys;Checking Account Down-sized;47;transmitting bac;Enhanced;archive Moldova
4;mindshare calculating Towels;Gorgeous;16;synthesizing inf;AGP Agent;Factors
5;turquoise Palladium;EXE;57;Mouse Handcrafte;turn-key Centralized Plastic;tan
6;orchestrate dynamic user-centric;Harbors Central;60;Up-sized Shoes F;Arkansas azure Ergonomic Soft Pants;Tasty
7;Solutions SSL Outdoors;Nevada architect Credit Card Account;98;Producer interme;Home Loan Account;bifurcated National
8;Representative;proactive;18;compressing;ROI Fantastic Steel Chair Well;Hat Right-sized PCI
9;Cotton core sticky;wireless;21;Credit Card Acco;magenta Quality;payment structure
10;cross-platform Guam;Personal Loan Account Manager Business-focused;10;secondary;Yuan Renminbi niches;vortals
